"DESCRIPTION","DURATION IN MS","NAME","PARENT SUITE","START TIME","STATUS","STOP TIME","SUB SUITE","SUITE","TEST CLASS","TEST METHOD"
"Como usuario de SauceDemo
  Quiero poder iniciar sesión
  Para acceder al inventario de productos","529","Inicios de sesión fallidos con múltiples validaciones","","2026-10-10","passed","2026-10-10","","","",""
"Como usuario de SauceDemo
  Quiero poder iniciar sesión
  Para acceder al inventario de productos","557","Inicios de sesión fallidos con múltiples validaciones","","2026-10-10","passed","2026-10-10","","","",""
"Como usuario de SauceDemo
  Quiero poder iniciar sesión
  Para acceder al inventario de productos","916","Login exitoso con usuario estándar","","2026-10-10","failed","2026-10-10","","","",""
"Como usuario de SauceDemo
  Quiero poder iniciar sesión
  Para acceder al inventario de productos","643","Login fallido con usuario bloqueado","","2026-10-10","passed","2026-10-10","","","",""
"Como usuario de SauceDemo
  Quiero poder iniciar sesión
  Para acceder al inventario de productos","535","Inicios de sesión fallidos con múltiples validaciones","","2026-10-10","passed","2026-10-10","","","",""
"Como cliente autenticado
  Quiero agregar productos al carrito y completar la compra
  Para adquirir los productos deseados","1281","Flujo E2E - Agregar producto y completar compra","","2026-10-10","failed","2026-10-10","","","",""
